scene,plumes,quality,plume_id,datetime,lat,lon,shared_footprint,n_pix,n_pix_adv,u10,wind_dir,wind_source,ueff,ueff_mode,L,L_adv,l_mode,fetch_off,ime_off,q_off,ime_lars,q_lars,err_lars,mean_lars,ime_adv,q_adv,err_adv,mean_adv,q_lars_over_off,q_adv_over_off,q_adv_over_lars
20241004_081921_28_4001,L,questionable,20241004_081910_00_4001_strip_L,2024-10-04T08:19:10+00:00,35.383658,40.315729,False,2,27,2.435185185185185,294.0001015623428,ecmwf_ifs,2.435185185185185,cm,42.42640687119285,155.88457268119896,sqrt-area,330.0,5.629518568515778,149.55185692117672,1.24106906955845,256.4449748516537,129.70514702480406,1071.8320556694605,44.796274172964196,2519.2615075908075,1266.5790950945134,2865.753662109375,1.7147562065164887,16.84540439319732,9.823789719600201
20241004_081921_28_4001,A,good,20241004_081910_00_4001_strip_A,2024-10-04T08:19:10+00:00,35.367187,40.415651,False,21,14,2.4537037037037037,293.0,ecmwf_ifs,2.4537037037037037,cm,137.4772708486752,112.24972160321823,sqrt-area,810.0,40.899050295352936,446.01844972298466,19.372727087097353,1244.7567141799693,653.9020096194112,1593.4272895003458,30.274793034393753,2382.4320866984754,1224.0009021565372,3735.20068359375,2.7908188886649623,5.341555014547421,1.913974079881138
20241004_081921_28_4001,B,good,20241004_081910_00_4001_strip_B,2024-10-04T08:19:10+00:00,35.352636,40.374429,False,33,28,2.1481481481481484,296.99969522011384,ecmwf_ifs,2.1481481481481484,cm,172.33687939614086,158.74507866387543,sqrt-area,1200.0,146.95759373903275,947.0600485404332,38.33662687471458,1720.2929259053976,895.5507459561701,2006.5997008177965,71.57207335000194,3486.6636826285603,1781.8715743848036,4415.1591796875,1.8164560194009203,3.6815655860492176,2.0267848749035076
20241004_081921_28_4001,D,questionable,20241004_081910_00_4001_strip_D,2024-10-04T08:19:10+00:00,35.352183,40.337647,False,275,245,1.9722222222222223,301.99847470611667,ecmwf_ifs,1.9722222222222223,cm,497.49371855331003,469.5742752749559,sqrt-area,1020.0,458.1283584833145,3188.9326914034637,461.16698233439115,6581.561640809569,3303.0227312410843,2896.585132969786,696.73398600933,10534.672704908446,5281.878477188671,4912.03759765625,2.0638759979323975,3.3035105235388613,1.6006342080863079
20241004_081921_28_4001,E+F,questionable,20241004_081910_00_4001_strip_E;20241004_081910_00_4001_strip_F,2024-10-04T08:19:10+00:00,35.346919,40.280891,False,251,68,1.9722222222222223,301.99847470611667,ecmwf_ifs,1.9722222222222223,cm,475.2893855326458,247.38633753705963,sqrt-area,1320.0,423.1582624912262,2302.221125880751,175.96158942311035,2628.5612995627735,1317.5486916203943,1210.8906891803692,141.64206730056,4065.134266694593,2059.9467659990187,3597.859130859375,1.1417501429438823,1.765744489526136,1.5465244304444314
20241004_081921_28_4001,G,good,20241004_081910_00_4001_strip_G,2024-10-04T08:19:10+00:00,35.343874,40.260482,False,77,10,1.9722222222222223,301.99847470611667,ecmwf_ifs,1.9722222222222223,cm,263.2489316217637,94.86832980505139,sqrt-area,840.0,70.38473111391068,594.9185606056735,53.75518171252684,1449.813253971008,729.1739028182537,1205.8419659343713,17.51145346114911,1310.5671811620584,666.4245576727668,3024.70458984375,2.436994489623899,2.2029354401513355,0.9039558560886669
20241004_081921_28_4001,H+I,good,20241004_081910_00_4001_strip_H;20241004_081910_00_4001_strip_I,2024-10-04T08:19:10+00:00,35.311217,40.43026,False,605,19,2.1481481481481484,296.99969522011384,ecmwf_ifs,2.1481481481481484,cm,737.9024325749307,130.7669683062202,sqrt-area,1350.0,444.05671936273575,2604.7868712003847,459.64746382736143,4817.177578876334,2411.0012350034776,1312.2913875716297,28.60331267936059,1691.5506587953332,867.0086330062745,2600.30029296875,1.8493557504212987,0.6494007926321445,0.35114974092151036
20241004_081921_28_4001,J+K,"good,questionable",20241004_081910_00_4001_strip_J;20241004_081910_00_4001_strip_K,2024-10-04T08:19:10+00:00,35.297904,40.43028,False,71,91,2.1481481481481484,296.99969522011384,ecmwf_ifs,2.1481481481481484,cm,252.78449319529076,286.18176042508367,sqrt-area,600.0,92.8393651843071,1343.1708906491597,51.735692516277425,1582.729028991979,800.5094340012737,1258.6144199306584,140.95670196270908,3808.9959340029513,1913.056490472727,2675.5009765625,1.1783526876666006,2.8358237663727577,2.4066001597436135
20250226_065447_19_4001,A,good,20250226_065441_00_4001_strip_A,2025-02-26T06:54:41+00:00,66.444788,76.655436,False,91,1,5.833333333333333,39.00010156234281,ecmwf_ifs,5.833333333333333,cm,286.18176042508367,30.0,sqrt-area,2550.0,214.33944761753082,1765.1483921443714,87.80092351923525,6442.826374277662,2229.2368123462593,1666.5504942936966,2.2180523482747576,1552.6366437923305,532.3325635859418,3831.18017578125,3.6500196827365112,0.879606865180398,0.24098688271207752
20250226_065447_19_4001,E+F,good,20250226_065441_00_4001_strip_E;20250226_065441_00_4001_strip_F,2025-02-26T06:54:41+00:00,66.417524,76.862449,False,2372,973,5.87037037037037,39.00010156234281,ecmwf_ifs,5.87037037037037,cm,1461.0954794263105,935.7884376289333,sqrt-area,1560.0,2524.1588629484177,34194.80169036959,4494.067076957718,65002.33482140237,22168.577673787717,3272.5451771996577,2724.47068839527,61527.953220538024,20983.457831305186,4836.48828125,1.9009420031147373,1.7993364540513295,0.9465498953166773
20250226_065447_19_4001,B,good,20250226_065441_00_4001_strip_B,2025-02-26T06:54:41+00:00,66.405008,76.807637,False,598,53,5.87037037037037,39.00010156234281,ecmwf_ifs,5.87037037037037,cm,733.621155638249,218.40329667841553,sqrt-area,1590.0,304.51823806762695,4047.4751139386894,528.150686598757,15214.371101948174,5210.42159749752,1525.5183984827418,146.9090516160086,14215.343837306704,4943.952451400365,4787.77197265625,3.7589782947776365,3.512151016902345,0.9343366046517988
20250226_065447_19_4001,C,good,20250226_065441_00_4001_strip_C,2025-02-26T06:54:41+00:00,66.382369,76.812491,False,18,5,5.87037037037037,39.00010156234281,ecmwf_ifs,5.87037037037037,cm,127.27922061357854,67.0820393249937,sqrt-area,540.0,47.87114804983139,1873.4757940489571,20.97419150590741,3482.536885083834,1293.2672253699423,2012.6743367384724,10.050775845669811,3166.367605136538,1178.832260187545,3472.085205078125,1.8588640942925518,1.6901032910029663,0.9092129414905866
