scene,plumes,quality,n_pix,u10,ueff,fetch_off,ime_off,q_off,ime_lars,q_lars,err_lars,mean_lars,ime_adv,q_adv,err_adv,mean_adv,L
20241004_081921_28_4001,L,questionable,66,2.435185185185185,2.435185185185185,330.0,5.629518568515778,149.55185692117672,6.796344473590082,180.54935318729207,101.31904838876292,177.8657109287224,64.46589933628212,1712.5789419638581,869.1404600999118,1687.12353515625,330.0
20241004_081921_28_4001,A,good,390,2.4537037037037037,2.4537037037037037,810.0,40.899050295352936,446.01844972298466,50.59726579734751,551.7808821521436,284.0473864243024,224.0903871366228,56.23313863481331,613.2420468405567,327.2600780254095,249.05111694335938,810.0
20241004_081921_28_4001,B,good,959,2.1481481481481484,2.1481481481481484,1200.0,146.95759373903275,947.0600485404332,164.03498144315506,1057.1143248558883,533.158902041146,295.4463654762075,198.3214478459929,1278.0715527852876,653.8106432683296,357.2003479003906,1200.0
20241004_081921_28_4001,D,questionable,728,1.9722222222222223,1.9722222222222223,1020.0,458.1283584833145,3188.9326914034637,487.1393079796696,3390.871653583975,1707.6585318515502,1155.799708538303,852.8451645725015,5936.471243592903,2982.6590363944447,2023.4830322265625,1020.0
20241004_081921_28_4001,C,questionable,182,2.1481481481481484,2.1481481481481484,180.0,4.046021535992622,173.82907339820156,26.860306498666365,1153.9983532760366,587.1054972356002,254.9179170218283,163.15277278771813,7009.526534583447,3535.9248755738586,1548.4024658203125,180.0
20241004_081921_28_4001,E+F,questionable,1670,1.9722222222222223,1.9722222222222223,1320.0,423.1582624912262,2302.221125880751,285.37981036098336,1534.9974648204409,770.7517999333875,295.1668353268139,665.629667437448,3580.2807869741523,1795.0218714754883,688.457275390625,1320.0
20241004_081921_28_4001,G,good,642,1.9722222222222223,1.9722222222222223,840.0,70.38473111391068,594.9185606056735,93.88772031541593,793.5747788564919,401.47435592992923,252.60070080839904,195.17219031922477,1649.6697038886855,831.6771495623875,525.1019897460938,840.0
20241004_081921_28_4001,H+I,good,9949,2.1481481481481484,2.1481481481481484,1350.0,444.05671936273575,2604.7868712003847,1161.3557364968804,6652.704465858674,3329.4703710313565,201.62604146956764,1560.087048481198,8936.794944386123,4477.582465044046,270.850830078125,1350.0
20241004_081921_28_4001,J+K,"good,questionable",1116,2.1481481481481484,2.1481481481481484,600.0,92.8393651843071,1343.1708906491597,141.70921594355733,1826.4743388280722,920.2131568862143,219.32830666202094,198.46010578246114,2557.9302523072774,1305.1549617141395,307.1636047363281,600.0
20250226_065447_19_4001,G,questionable,71,5.833333333333333,5.833333333333333,240.0,7.585347235202789,663.7178830802441,18.176595657360913,1590.4521200190798,572.3945820953817,442.19617611971864,16.97395720563078,1485.221255492693,549.9826187245038,412.93865966796875,240.0
20250226_065447_19_4001,A,good,1089,5.833333333333333,5.833333333333333,2550.0,214.33944761753082,1765.1483921443714,261.76465472108936,2155.708921232501,744.8761890818892,415.18715609279553,290.45809070760833,2392.0078058273625,826.4956215112139,460.69805908203125,2550.0
20250226_065447_19_4001,E+F,good,4268,5.87037037037037,5.87037037037037,1560.0,2524.1588629484177,34194.80169036959,4805.053401849962,65094.09950369393,22210.342547598164,1944.6193055745434,4466.8796075387045,60512.85622178501,20646.160304774974,1807.7593994140625,1560.0
20250226_065447_19_4001,H,questionable,1571,5.87037037037037,5.87037037037037,420.0,36.778982639312744,1850.624999470181,208.4145547693119,10486.89108918601,3590.9998763056583,229.1461922821029,335.81783462252645,16897.500567514424,5778.326057047262,369.22265625,420.0
20250226_065447_19_4001,B,good,2304,5.87037037037037,5.87037037037037,1590.0,304.51823806762695,4047.4751139386894,877.943482245319,11669.102049130655,3988.9767035343807,658.1802849693129,1093.1449408420358,14529.43170846647,4961.622210276542,819.513427734375,1590.0
20250226_065447_19_4001,C,good,1022,5.87037037037037,5.87037037037037,540.0,47.87114804983139,1873.4757940489571,177.21560490446572,6935.474907989585,2385.587102570424,299.5103611280766,238.29902402263815,9326.023532737814,3200.222022158478,402.74688720703125,540.0
20250226_065447_19_4001,D,good,671,5.583333333333333,5.583333333333333,1650.0,131.63721999526024,1603.580679942261,98.44974191058124,1199.2968560016259,440.84601150370287,253.4269791802958,156.00895813766974,1900.4727627679767,688.6792913930678,401.59454345703125,1650.0
