escena,pluma,calidad,lat,lon,u10,N_px,Q_GT,Q_MF_normal,Q_MF_columnas
20241004_081921_28_4001,L,questionable,35.383658,40.315729,2.44,66,149.6,244.5,2318.8
20241004_081921_28_4001,A,good,35.367187,40.415651,2.45,390,446.0,754.4,838.4
20241004_081921_28_4001,B,good,35.352636,40.374429,2.15,959,947.1,1365.4,1650.8
20241004_081921_28_4001,D,questionable,35.352183,40.337647,1.97,728,3188.9,4272.9,7480.7
20241004_081921_28_4001,C,questionable,35.349658,40.368053,2.15,182,173.8,513.2,3117.5
20241004_081921_28_4001,E,questionable,35.347257,40.281942,1.97,1480,1150.3,1552.2,3391.3
20241004_081921_28_4001,F,questionable,35.346581,40.279839,1.97,190,1151.9,567.8,1963.6
20241004_081921_28_4001,G,good,35.343874,40.260482,1.97,642,594.9,877.0,1823.0
20241004_081921_28_4001,H,good,35.315477,40.416479,2.15,921,1231.1,1301.7,1092.7
20241004_081921_28_4001,I,good,35.306957,40.444042,2.15,9028,1373.7,2735.0,3883.5
20241004_081921_28_4001,J,questionable,35.296975,40.435288,2.15,885,977.2,1077.9,1722.7
20241004_081921_28_4001,K,good,35.298833,40.425273,2.15,231,366.0,293.6,-6.0
20250226_065447_19_4001,G,questionable,66.46738,76.652229,5.83,71,663.7,1510.0,1410.1
20250226_065447_19_4001,A,good,66.444788,76.655436,5.83,1089,1765.1,5552.6,6161.2
20250226_065447_19_4001,E,good,66.418143,76.860371,5.87,2609,17591.4,36586.7,34570.3
20250226_065447_19_4001,F,good,66.416904,76.864527,5.87,1659,16603.4,37222.6,33902.4
20250226_065447_19_4001,H,questionable,66.415381,76.766632,5.87,1571,1850.6,3704.1,5968.5
20250226_065447_19_4001,B,good,66.405008,76.807637,5.87,2304,4047.5,12884.6,16042.9
20250226_065447_19_4001,C,good,66.382369,76.812491,5.87,1022,1873.5,3905.0,5251.0
20250226_065447_19_4001,D,good,66.358821,76.790592,5.58,671,1603.6,2546.4,4035.2
